Temperature,E(),predicted E(t),maximum_distance
[0],[10],[20],[30],[40],[50],[60],[70],[80],[90],[100],[110],[120],[130],[140],[150],[160],[170],[180],[190],[200],[210],[220],[230],[240],[250],[260],[270],[280],[290],[300],[310],[320],[330],[340],[350],[360],[370],[380],[390],[400]
[0.],[390.90415],[789.3816],[1195.88475],[1610.3392],[2032.14375],[2460.1704],[2892.76435],[3327.744],[3762.40095],[4193.5],[4617.27915],[5029.4496],[5425.19575],[5799.1752],[6145.51875],[6457.8304],[6729.18735],[6952.14],[7118.71195],[7220.4],[7248.17415],[16619.93081472],[16470.67996472],[16217.26441472],[15848.54696472],[15352.86361472],[14718.02356472],[13931.30921472],[22406.92937944],[21276.20642944],[19952.29557944],[18420.37202944],[26092.53739416],[24098.00684416],[21847.82839416],[28752.52325888],[25939.72620888],[32246.3580736],[28799.0000236],[34433.51928832]
[58.65429263],[63.14172898],[67.71610404],[72.3826112],[77.14039636],[81.98255798],[86.89614702],[91.862167],[96.85557393],[101.84527639],[106.79413546],[111.65896476],[116.39053044],[120.93355118],[125.22669818],[129.20259518],[132.78781844],[135.90289675],[138.46231145],[140.37449638],[141.54183792],[141.86067498],[249.44500617],[247.73166112],[244.8225435],[240.58980233],[234.89953917],[227.61180811],[218.58061575],[315.87762841],[302.89734342],[287.69933216],[270.11341134],[358.18705742],[335.29057782],[309.45935404],[388.7227201],[356.43284102],[428.83066307],[389.25625632],[453.93847208]
33979.580816235844
